commit_id,user_id,timestamp,lines_added,lines_deleted,files_changed,task_id
k1,u1,2025-12-30T19:39:50.384042,180,20,6,A1
kS0,u2,2025-12-30T19:39:50.384042,2,1,1,A2
kS1,u2,2025-12-30T20:39:50.384042,2,1,1,A2
kS2,u2,2025-12-30T21:39:50.384042,2,1,1,A2
kS3,u2,2025-12-30T22:39:50.384042,2,1,1,A2
kS4,u2,2025-12-30T23:39:50.384042,2,1,1,A2
kS5,u2,2025-12-31T00:39:50.384042,2,1,1,A2
kS6,u2,2025-12-30T19:39:50.384042,2,1,1,A2
kS7,u2,2025-12-30T20:39:50.384042,2,1,1,A2
kS8,u2,2025-12-30T21:39:50.384042,2,1,1,A2
kS9,u2,2025-12-30T22:39:50.384042,2,1,1,A2
kS10,u2,2025-12-30T23:39:50.384042,2,1,1,A2
kS11,u2,2025-12-31T00:39:50.384042,2,1,1,A2
kS12,u2,2025-12-30T19:39:50.384042,2,1,1,A2
kS13,u2,2025-12-30T20:39:50.384042,2,1,1,A2
kS14,u2,2025-12-30T21:39:50.384042,2,1,1,A2
kS15,u2,2025-12-30T22:39:50.384042,2,1,1,A2
kS16,u2,2025-12-30T23:39:50.384042,2,1,1,A2
kS17,u2,2025-12-31T00:39:50.384042,2,1,1,A2
kS18,u2,2025-12-30T19:39:50.384042,2,1,1,A2
kS19,u2,2025-12-30T20:39:50.384042,2,1,1,A2
kS20,u2,2025-12-30T21:39:50.384042,2,1,1,A2
kS21,u2,2025-12-30T22:39:50.384042,2,1,1,A2
kS22,u2,2025-12-30T23:39:50.384042,2,1,1,A2
kS23,u2,2025-12-31T00:39:50.384042,2,1,1,A2
kS24,u2,2025-12-30T19:39:50.384042,2,1,1,A2
